Name,WeightPercentage,DurationMs,ProcessId,CommandLine
"msiexec",15.8379,0.0000,43012,"C:\WINDOWS\system32\msiexec.exe /V"
"MsMpEng",15.0104,0.0000,7852,"""C:\ProgramData\Microsoft\Windows Defender\Platform\4.18.25070.5-0\MsMpEng.exe"""
"POWERPNT",11.8762,0.0000,34376,"""C:\Program Files\Microsoft Office\root\Office16\POWERPNT.EXE"" "
"svchost",7.5690,0.0000,7416,"C:\WINDOWS\system32\svchost.exe -k netsvcs -p -s TokenBroker"
"System",6.0552,648.3761,4,""
"devenv",3.8146,0.0000,21220,"""C:\Program Files\Microsoft Visual Studio\2022\Enterprise\Common7\IDE\devenv.exe"" ""D:\profile-explorer\src\ProfileExplorer.sln"""
"MsSense",3.2469,0.0000,5500,"""C:\Program Files\Windows Defender Advanced Threat Protection\MsSense.exe"""
"backgroundTaskHost",3.2183,0.0000,46296,"""C:\WINDOWS\system32\BackgroundTaskHost.exe"" -ServerName:BackgroundTaskHost.WebAccountProvider"
"svchost",2.4074,0.0000,1248,"C:\WINDOWS\system32\svchost.exe -k RPCSS -p"
"WmiPrvSE",2.0800,0.0000,7156,"C:\WINDOWS\system32\wbem\wmiprvse.exe -secured -Embedding"
"Idle",1.9553,0.0000,0,""
"svchost",1.9268,5.4607,3288,"C:\WINDOWS\system32\svchost.exe -k NetworkService -p"
"wpr",1.5874,1259.3971,16800,"""C:\WINDOWS\system32\wpr.exe"" -stop trace.etl"
"dwm",1.5694,0.0000,1356,"""dwm.exe"""
"lsass",1.4042,0.0000,1628,"C:\WINDOWS\system32\lsass.exe"
"RuntimeBroker",1.3546,0.0000,46356,"C:\Windows\System32\RuntimeBroker.exe -Embedding"
"services",1.2675,0.0000,1552,"C:\WINDOWS\system32\services.exe"
"NisSrv",1.2300,0.0000,2608,"""C:\ProgramData\Microsoft\Windows Defender\Platform\4.18.25070.5-0\NisSrv.exe"""
"svchost",1.0873,0.0000,2312,"C:\WINDOWS\system32\svchost.exe -k netsvcs -p -s UserManager"
"powershell",0.9296,576.2559,49428,"""powershell.exe"" ""C:\WINDOWS\system32\config\systemprofile\AppData\Local\AzureSecurityPack\Watchdog.ps1"""
"sihost",0.8260,0.0000,9192,"sihost.exe"
"svchost",0.8125,0.0000,8488,"C:\WINDOWS\System32\svchost.exe -k netsvcs -p -s NetSetupSvc"
"ai",0.7839,785.5657,36368,"""C:\Program Files\Microsoft Office\root\vfs\ProgramFilesCommonX64\Microsoft Shared\OFFICE16\AI\ai.exe"" ""653D2B2D-4040-4765-AC6E-BE73CF322FDD"" ""54E1869C-B1D2-4ED1-AD42-18A506795C0F"" ""34376"" ""C:\Program Files\Microsoft Office\root\Office16\POWERPNT.EXE"" ""PowerPointCombinedFloatieLreOnline.onnx"""
"MpDlpService",0.7734,0.0000,11476,"""C:\ProgramData\Microsoft\Windows Defender\Platform\4.18.25070.5-0\MpDlpService.exe"""
"explorer",0.7539,0.0000,8464,"C:\WINDOWS\Explorer.EXE"
"officesvcmgr",0.7058,6130.0417,40936,"officesvcmgr.exe /checkin {ea88725a-03af-4c5c-8c08-463fb7cbb8ef}"
"svchost",0.6923,0.0000,1876,"C:\WINDOWS\system32\svchost.exe -k DcomLaunch -p"
"PAD.Console.Host",0.6428,0.0000,23092,"""C:\Program Files\WindowsApps\Microsoft.PowerAutomateDesktop_11.2508.104.0_x64__8wekyb3d8bbwe\dotnet\PAD.Console.Host.exe"" "
"ms-teams",0.5842,0.0000,21028,"""C:\Program Files\WindowsApps\MSTeams_25227.201.3887.7121_x64__8wekyb3d8bbwe\ms-teams.exe"" msteams:system-initiated"
"Widgets",0.5647,0.0000,1224,"""C:\Program Files\WindowsApps\MicrosoftWindows.Client.WebExperience_525.22301.0.0_x64__cw5n1h2txyewy\Dashboard\Widgets.exe"" -ServerName:Microsoft.Windows.DashboardServer"
"GlobalSecureAccessTunnelingService",0.4175,0.0000,26060,"""C:\Program Files\Global Secure Access Client\GlobalSecureAccessTunnelingService.exe"""
"PAD.AutomationServer",0.3289,0.0000,21472,"""C:\Program Files\WindowsApps\Microsoft.PowerAutomateDesktop_11.2508.104.0_x64__8wekyb3d8bbwe\dotnet\PAD.AutomationServer.exe"" --ClientId=""2cfe3c41-985f-4b38-80be-aa4676b17dfb"" --CallerProcessId=23092 --ParentCorrelationId=""cb6575f3-d03c-4e44-a4d8-51de166d4689"" --SessionId=""d1c42f05-af17-4d69-9f35-2ed959314426"" "
"WindowsTerminal",0.3214,0.0000,49988,"""C:\Program Files\WindowsApps\Microsoft.WindowsTerminal_1.22.12111.0_x64__8wekyb3d8bbwe\WindowsTerminal.exe"" "
"svchost",0.2838,0.0000,4944,"C:\WINDOWS\system32\svchost.exe -k netsvcs -p -s Winmgmt"
"WmiPrvSE",0.2808,0.0000,8648,"C:\WINDOWS\system32\wbem\wmiprvse.exe -secured -Embedding"
"GlobalSecureAccessEngineService",0.2718,0.0000,26340,"""C:\Program Files\Global Secure Access Client\GlobalSecureAccessEngineService.exe"""
"svchost",0.2343,0.0000,1212,"C:\WINDOWS\system32\svchost.exe -k DcomLaunch -p -s LSM"
"csrss",0.2313,0.0000,1464,"%SystemRoot%\system32\csrss.exe ObjectDirectory=\Windows SharedSection=1024,3072,512 Windows=On SubSystemType=Windows ServerDll=basesrv,1 ServerDll=winsrv:UserServerDllInitialization,3 ServerDll=sxssrv,4 ProfileControl=Off MaxRequestThreads=16"
"msedgewebview2",0.2268,0.0000,3156,"""C:\Program Files (x86)\Microsoft\EdgeWebView\Application\139.0.3405.102\msedgewebview2.exe"" --type=renderer --noerrdialogs --user-agent=""Mozilla/5.0 (Windows NT 10.0; Win64; x64; Cortana 1.18.9.23723; 10.0.0.0.29430.1000) AppleWebKit/537.36 (KHTML, like Gecko) Chrome/70.0.3538.102 Safari/537.36 Edge/18.29430 IsWebView2/True (WebView2Version 139.0.3405.102)"" --user-data-dir=""C:\Users\benjaming.REDMOND\AppData\Local\Packages\MicrosoftWindows.Client.CBS_cw5n1h2txyewy\LocalState\EBWebView"" --webview-exe-name=SearchHost.exe --webview-exe-version=2125.20401.0.2000 --embedded-browser-webview=1 --video-capture-use-gpu-memory-buffer --lang=en-US --device-scale-factor=1.25 --num-raster-threads=4 --enable-main-frame-before-activation --renderer-client-id=5 --js-flags=""--expose-gc --ms-user-locale="" --time-ticks-at-unix-epoch=-1755680330160127 --launch-time-ticks=31988846450 --always-read-main-dll --metrics-shmem-handle=3592,i,13601118859329866100,3094116253972930061,2097152 --field-trial-handle=1948,i,16794949237765112"
"svchost",0.2208,0.0000,4024,"C:\WINDOWS\system32\svchost.exe -k LocalServiceHttp -p"
"ctfmon",0.1892,0.0000,13824,"/QuitInfo:00000000000002BC;00000000000002C0; "
"SenseTracer",0.1577,0.0000,11924,"""C:\Program Files\Windows Defender Advanced Threat Protection\SenseTracer.exe"" -in:etw -trace -sequence -session:{351166AE-A94D-493D-B349-E26DEA024EBA} -event:4148 -timer:60 -provider:128126 -level:31 -d ""C:\ProgramData\Microsoft\Windows Defender Advanced Threat Protection\Trace"""
"svchost",0.1577,0.0000,10004,"C:\WINDOWS\System32\svchost.exe -k utcsvc -p"
"svchost",0.1547,0.0000,5360,"C:\WINDOWS\System32\svchost.exe -k LocalServiceNoNetwork -p -s DPS"
"OfficeClickToRun",0.1502,0.0000,5520,"""C:\Program Files\Common Files\Microsoft Shared\ClickToRun\OfficeClickToRun.exe"" /service"
"vmms",0.1216,0.0000,8072,"C:\WINDOWS\system32\vmms.exe"
"Microsoft.Engineering.FileVirtualization.Daemon",0.1171,0.0000,14020,"""C:\Users\benjaming.REDMOND\AppData\Local\VPack\VPackLegacy\Microsoft.Engineering.FileVirtualization.Daemon.exe"""
"svchost",0.1171,0.0000,11500,"C:\WINDOWS\system32\svchost.exe -k UnistackSvcGroup -s CDPUserSvc"
"Microsoft.Management.Services.IntuneWindowsAgent",0.1141,0.0000,6332,"""C:\Program Files (x86)\Microsoft Intune Management Extension\Microsoft.Management.Services.IntuneWindowsAgent.exe"""
"MDMAppInstaller",0.1066,0.0000,9724,"""C:\WINDOWS\system32\MDMAppInstaller.exe"""
"MemCompression",0.1036,0.0000,4384,""
"TextInputHost",0.0991,0.0000,5764,"""C:\Windows\SystemApps\MicrosoftWindows.Client.CBS_cw5n1h2txyewy\TextInputHost.exe"" -ServerName:InputApp.AppXk0k6mrh4r2q0ct33a9wgbez0x7v9cz5y.mca"
"GlobalSecureAccessClient",0.0976,0.0000,21716,"""C:\Program Files\Global Secure Access Client\TrayApp\GlobalSecureAccessClient.exe"""
"pwsh",0.0976,0.0000,39536,"""C:\Program Files\PowerShell\7\pwsh.exe"""
"svchost",0.0976,0.0000,10244,"C:\WINDOWS\System32\svchost.exe -k NetworkService -s TermService"
"conhost",0.0961,567.5633,43904,"\??\C:\WINDOWS\system32\conhost.exe 0x4"
"SenseNdr",0.0946,0.0000,48664,"""C:\Program Files\Windows Defender Advanced Threat Protection\SenseNdr.exe"" -"
"svchost",0.0946,0.0000,3228,"C:\WINDOWS\system32\svchost.exe -k LocalServiceNetworkRestricted -p -s Dhcp"
"OpenConsole",0.0931,0.0000,38492,"""C:\Program Files\WindowsApps\Microsoft.WindowsTerminal_1.22.12111.0_x64__8wekyb3d8bbwe\OpenConsole.exe"" --headless --textMeasurement graphemes --width 120 --height 30 --signal 0xa28 --server 0x944"
"svchost",0.0781,0.0000,3404,"C:\WINDOWS\system32\svchost.exe -k LocalService -p -s CDPSvc"
"msedgewebview2",0.0721,0.0000,21124,"""C:\Program Files (x86)\Microsoft\EdgeWebView\Application\139.0.3405.102\msedgewebview2.exe"" --type=renderer --noerrdialogs --user-data-dir=""C:\Users\benjaming.REDMOND\AppData\Local\Packages\MSTeams_8wekyb3d8bbwe\LocalCache\Microsoft\MSTeams\EBWebView"" --webview-exe-name=ms-teams.exe --webview-exe-version=25227.201.3887.7121 --embedded-browser-webview=1 --embedded-browser-webview-dpi-awareness=2 --no-pre-read-main-dll --autoplay-policy=no-user-gesture-required --disable-background-timer-throttling --enable-blink-features=IndexedDbGetAllRecords --video-capture-use-gpu-memory-buffer --lang=en-US --device-scale-factor=1.25 --num-raster-threads=4 --enable-main-frame-before-activation --renderer-client-id=6 --js-flags=""--stack-trace-limit=50 --expose-gc --ms-user-locale=en-US"" --time-ticks-at-unix-epoch=-1755680330159115 --launch-time-ticks=32151898401 --always-read-main-dll --metrics-shmem-handle=4440,i,15304891087169025689,13205086796921645268,2097152 --field-trial-handle=1848,i,9232284790936083051,8827603450831"
"SearchIndexer",0.0691,0.0000,11340,"C:\WINDOWS\system32\SearchIndexer.exe /Embedding"
"svchost",0.0661,0.0000,3572,"C:\WINDOWS\System32\svchost.exe -k netprofm -p -s netprofm"
"svchost",0.0646,0.0000,4488,"C:\WINDOWS\system32\svchost.exe -k LocalService -p -s FontCache"
"msedgewebview2",0.0616,0.0000,30984,"""C:\Program Files (x86)\Microsoft\EdgeWebView\Application\139.0.3405.102\msedgewebview2.exe"" --embedded-browser-webview=1 --webview-exe-name=olk.exe --webview-exe-version=1.2025.806.300 --user-data-dir=""C:\Users\benjaming.REDMOND\AppData\Local\Microsoft\Olk\EBWebView"" --noerrdialogs --embedded-browser-webview-dpi-awareness=2 --disable-features=msEnhancedTrackingPreventionEnabled --enable-aggressive-domstorage-flushing --enable-features=msSingleSignOnOSForPrimaryAccountIsShared,msAbydos,msAbydosHandwritingAttr,msAbydosGestureSupport,msEnhancedTextContrast --mojo-named-platform-channel-pipe=16472.30956.517669952921803472 /pfhostedapp:a8877bbce1455e1e7d0708640add3c7185451dd9"
"qcmtusvc",0.0571,0.0000,5536,"""C:\Program Files (x86)\QUALCOMM Incorporated\Qualcomm USB Drivers For Windows\DriverPackage\Qualcomm\Tools\qcmtusvc.exe"""
"System",0.0541,648.3761,4,""
"CcmExec",0.0526,0.0000,3124,"C:\Windows\CCM\CcmExec.exe"
"svchost",0.0511,0.0000,4164,"C:\WINDOWS\system32\svchost.exe -k LocalSystemNetworkRestricted -p -s SysMain"
"wslservice",0.0496,0.0000,5492,"""C:\Program Files\WSL\wslservice.exe"""
"msedgewebview2",0.0451,0.0000,31928,"""C:\Program Files (x86)\Microsoft\EdgeWebView\Application\139.0.3405.102\msedgewebview2.exe"" --type=renderer --noerrdialogs --user-data-dir=""C:\Users\benjaming.REDMOND\AppData\Local\Microsoft\Olk\EBWebView"" --webview-exe-name=olk.exe --webview-exe-version=1.2025.806.300 --embedded-browser-webview=1 --embedded-browser-webview-dpi-awareness=2 --no-pre-read-main-dll --video-capture-use-gpu-memory-buffer --lang=en-US --device-scale-factor=1.25 --num-raster-threads=4 --enable-main-frame-before-activation --renderer-client-id=6 --js-flags=""--expose-gc --ms-user-locale="" --time-ticks-at-unix-epoch=-1755680330158751 --launch-time-ticks=32210482544 --always-read-main-dll --metrics-shmem-handle=4224,i,17895423284350772904,11130741382341777934,2097152 --field-trial-handle=1940,i,8033129406060731551,14143038207632028611,262144 --enable-features=ForceSWDCompWhenDCompFallbackRequired,msAbydos,msAbydosGestureSupport,msAbydosHandwritingAttr,msAggressiveCacheTrimming,msCustomDataPartition,msEnhancedTextContrast,msSingleSignOn"
"schtasks",0.0451,46.3700,11152,"schtasks.exe /change /tn ""Microsoft\Office\Office Serviceability Manager"" /enable"
"csrss",0.0436,0.0000,1364,"%SystemRoot%\system32\csrss.exe ObjectDirectory=\Windows SharedSection=1024,3072,512 Windows=On SubSystemType=Windows ServerDll=basesrv,1 ServerDll=winsrv:UserServerDllInitialization,3 ServerDll=sxssrv,4 ProfileControl=Off MaxRequestThreads=16"
"svchost",0.0421,0.0000,556,"C:\WINDOWS\System32\svchost.exe -k NetworkService -p"
"svchost",0.0421,0.0000,2920,"C:\WINDOWS\system32\svchost.exe -k netsvcs -p -s Schedule"
"Notepad",0.0390,0.0000,27364,"""C:\Program Files\WindowsApps\Microsoft.WindowsNotepad_11.2507.28.0_x64__8wekyb3d8bbwe\Notepad\Notepad.exe"" RestartByRestartManager:*"
"schtasks",0.0390,93.1604,32492,"schtasks.exe /Create /tn ""Microsoft\Office\Office Serviceability Manager"" /XML ""C:\Program Files\Common Files\Microsoft Shared\ClickToRun\OfficeSvcMgrSchedule_390M.xml"""
"msedgewebview2",0.0375,0.0000,15000,"""C:\Program Files (x86)\Microsoft\EdgeWebView\Application\139.0.3405.102\msedgewebview2.exe"" --embedded-browser-webview=1 --webview-exe-name=ms-teams.exe --webview-exe-version=25227.201.3887.7121 --user-data-dir=""C:\Users\benjaming.REDMOND\AppData\Local\Packages\MSTeams_8wekyb3d8bbwe\LocalCache\Microsoft\MSTeams\EBWebView"" --noerrdialogs --embedded-browser-webview-dpi-awareness=2 --autoplay-policy=no-user-gesture-required --disable-background-timer-throttling --disable-features=msEnhancedTrackingPreventionEnabled,BreakoutBoxPreferCaptureTimestampInVideoFrames,msWebOOUI --enable-blink-features=IndexedDbGetAllRecords --enable-features=msSingleSignOnOSForPrimaryAccountIsShared,AutofillReplaceCachedWebElementsByRendererIds,DocumentPolicyIncludeJSCallStacksInCrashReports,PartitionedCookies,PreferredAudioOutputDevices,SharedArrayBuffer,SkipGrantAccessToDataPathIfAlreadySet,ThirdPartyStoragePartitioning,msAbydos,msAbydosGestureSupport,msAbydosHandwritingAttr,msWebView2EnableDraggableRegions,msWebView2SetUserAgentOve"
"schtasks",0.0375,44.2041,23744,"schtasks.exe /Delete /F /tn ""Microsoft\Office\Office Serviceability Manager"""
"svchost",0.0375,0.0000,19072,"C:\WINDOWS\System32\svchost.exe -k UnistackSvcGroup"
"msedgewebview2",0.0360,0.0000,16868,"""C:\Program Files (x86)\Microsoft\EdgeWebView\Application\139.0.3405.102\msedgewebview2.exe"" --embedded-browser-webview=1 --webview-exe-name=SearchHost.exe --webview-exe-version=2125.20401.0.2000 --user-data-dir=""C:\Users\benjaming.REDMOND\AppData\Local\Packages\MicrosoftWindows.Client.CBS_cw5n1h2txyewy\LocalState\EBWebView"" --noerrdialogs --disable-features=msSmartScreenProtection --edge-webview-enable-mojo-ipcz --enable-features=msEdgeFluentOverlayScrollbar --user-agent=""Mozilla/5.0 (Windows NT 10.0; Win64; x64; Cortana 1.18.9.23723; 10.0.0.0.29430.1000) AppleWebKit/537.36 (KHTML, like Gecko) Chrome/70.0.3538.102 Safari/537.36 Edge/18.29430 IsWebView2/True (WebView2Version 139.0.3405.102)"" --lang=en-US --mojo-named-platform-channel-pipe=5140.16840.14487594390742658058 /pfhostedapp:f1b3cc9189bc16db4ff1ff60d85fd8edd4446ca1"
"POWERPNT",0.0360,0.0000,36284,"""C:\Program Files\Microsoft Office\root\Office16\POWERPNT.EXE"" "
"conhost",0.0345,6120.8743,39060,"\??\C:\WINDOWS\system32\conhost.exe 0x4"
"schtasks",0.0345,45.0367,13884,"schtasks.exe /change /tn ""Microsoft\Office\Office Serviceability Manager"" /enable"
"PAD.BridgeToUIAutomation2",0.0330,0.0000,22796,"""C:\Program Files\WindowsApps\Microsoft.PowerAutomateDesktop_11.2508.104.0_x64__8wekyb3d8bbwe\dotnet\PAD.BridgeToUIAutomation2.exe"" --guid=79f94607-a7ed-4833-8f7b-d83b11f6a29c --callerProcessId=21472 --service=""uia2"""
"schtasks",0.0330,36.2390,11528,"schtasks.exe /change /tn ""Microsoft\Office\Office Serviceability Manager"" /enable"
"SenseAP",0.0330,0.0000,11848,"-"
"svchost",0.0330,0.0000,9792,"C:\WINDOWS\system32\svchost.exe -k UnistackSvcGroup -s WpnUserService"
"CrossDeviceService",0.0315,0.0000,15808,"""C:\Program Files\WindowsApps\MicrosoftWindows.CrossDevice_1.25082.21.0_x64__cw5n1h2txyewy\CrossDeviceService.exe"" "
"EpmService",0.0315,0.0000,5440,"""C:\Program Files\Microsoft EPM Agent\EPMService\EpmService.exe"""
"conhost",0.0300,84.4341,42996,"\??\C:\WINDOWS\system32\conhost.exe 0x4"
"conhost",0.0300,40.9768,45792,"\??\C:\WINDOWS\system32\conhost.exe 0x4"
"ServiceHub.Host.dotnet.x64",0.0300,0.0000,18732,"""C:\Program Files\Microsoft Visual Studio\2022\Enterprise\Common7\ServiceHub\Hosts\ServiceHub.Host.dotnet.x64\ServiceHub.Host.dotnet.x64.exe"" dotnet$C94B8CFE-E3FD-4BAF-A941-2866DBB566FE net.pipe://1978095EEE757A78F755D74184C209DDF30C6 ""/TelemetrySession:{\""TelemetryLevel\"":null,\""IsOptedIn\"":true,\""HostName\"":\""Dev14\"",\""AppInsightsInstrumentationKey\"":\""f144292e-e3b2-4011-ac90-20e5c03fbce5\"",\""AsimovInstrumentationKey\"":\""AIF-312cbd79-9dbb-4c48-a7da-3cc2a931cb70\"",\""CollectorApiKey\"":\""f3e86b4023cc43f0be495508d51f588a-f70d0e59-0fb0-4473-9f19-b4024cc340be-7296\"",\""AppId\"":1001,\""UserId\"":\""2dba2122-c8a1-45b6-ac82-001f5865d3e3\"",\""Id\"":\""43746843-c2ce-42ef-9bc7-521b96990f7c\"",\""ProcessStartTime\"":638913092465839523,\""SkuName\"":\""VS_Enterprise\"",\""VSExeVersion\"":\""17.14.36408.4\"",\""BucketFiltersToEnableWatsonForFaults\"":[],\""BucketFiltersToAddDumpsToFaults\"":[]}"" $HostRemoteBrokerPipeName"
"dllhost",0.0270,0.0000,13556,"C:\WINDOWS\system32\DllHost.exe /Processid:{3EB3C877-1F16-487C-9050-104DBCD66683}"
"conhost",0.0255,39.7921,42372,"\??\C:\WINDOWS\system32\conhost.exe 0x4"
"svchost",0.0255,0.0000,5752,"C:\WINDOWS\system32\svchost.exe -k whesvc -p -s whesvc"
"svchost",0.0255,0.0000,5068,"C:\WINDOWS\system32\svchost.exe -k appmodel -p -s StateRepository"
"conhost",0.0240,34.8336,45892,"\??\C:\WINDOWS\system32\conhost.exe 0x4"
"ms-teams",0.0240,0.0000,22920,"""C:\Program Files\WindowsApps\MSTeams_25227.201.3887.7121_x64__8wekyb3d8bbwe\ms-teams.exe"" --process_type=native_module --cloud_type=tfw --module_name=SlimCore --native_msg_channel=efae90c4-9140-4abd-9719-30e192fa1062_nm_SlimCore_c_ --session_id=e1192526-138d-4206-a043-c1f4914dc198    /prefetch:1"
"conhost",0.0225,32.5879,47800,"\??\C:\WINDOWS\system32\conhost.exe 0x4"
"svchost",0.0225,0.0000,3756,"C:\WINDOWS\System32\svchost.exe -k LocalServiceNetworkRestricted -p -s EventLog"
"msedgewebview2",0.0210,0.0000,23712,"""C:\Program Files (x86)\Microsoft\EdgeWebView\Application\139.0.3405.102\msedgewebview2.exe"" --embedded-browser-webview=1 --webview-exe-name=Files.exe --webview-exe-version=2.2508.8001.0 --user-data-dir=""C:\Users\benjaming.REDMOND\AppData\Local\Packages\Microsoft.M365Companions_8wekyb3d8bbwe\LocalState\Files\EBWebView"" --noerrdialogs --embedded-browser-webview-dpi-awareness=2 --disable-background-timer-throttling --disable-features=msEnhancedTrackingPreventionEnabled --mojo-named-platform-channel-pipe=24508.18624.12919052784708742098 /pfhostedapp:8d2be9d860645d1433e7026b8c330424301db0ff"
"powershell",0.0210,0.0000,23584,"C:\WINDOWS\system32\WindowsPowerShell\v1.0\powershell.exe -NoExit -Command ""& { Import-Module """"""$env:VSAPPIDDIR\..\Tools\Microsoft.VisualStudio.DevShell.dll""""""; Enter-VsDevShell -SkipAutomaticLocation -SetDefaultWindowTitle -InstallPath $env:VSAPPIDDIR\..\..\}"""
"StartMenuExperienceHost",0.0210,0.0000,15732,"""C:\Windows\SystemApps\Microsoft.Windows.StartMenuExperienceHost_cw5n1h2txyewy\StartMenuExperienceHost.exe"" -ServerName:App.AppXywbrabmsek0gm3tkwpr5kwzbs55tkqay.mca"
"svchost",0.0210,0.0000,2616,"C:\WINDOWS\system32\svchost.exe -k NetworkService -p"
"OneDrive",0.0195,0.0000,19892,"""C:\Users\benjaming.REDMOND\AppData\Local\Microsoft\OneDrive\OneDrive.exe"" /background"
"RuntimeBroker",0.0195,0.0000,14704,"C:\Windows\System32\RuntimeBroker.exe -Embedding"
"SenseTVM",0.0195,0.0000,6464,"-"
"msedgewebview2",0.0180,0.0000,26776,"""C:\Program Files (x86)\Microsoft\EdgeWebView\Application\139.0.3405.102\msedgewebview2.exe"" --type=renderer --noerrdialogs --user-data-dir=""C:\Users\benjaming.REDMOND\AppData\Local\Packages\Microsoft.MicrosoftOfficeHub_8wekyb3d8bbwe\LocalState\EBWebView"" --webview-exe-name=WebViewHost.exe --webview-exe-version=19.2508.47021.0 --embedded-browser-webview=1 --embedded-browser-webview-dpi-awareness=2 --no-pre-read-main-dll --video-capture-use-gpu-memory-buffer --lang=en-US --device-scale-factor=1.25 --num-raster-threads=4 --enable-main-frame-before-activation --renderer-client-id=5 --js-flags=""--expose-gc --ms-user-locale="" --time-ticks-at-unix-epoch=-1755680330158914 --launch-time-ticks=32183936586 --always-read-main-dll --metrics-shmem-handle=3584,i,10806035289523513747,15074130377410245576,2097152 --field-trial-handle=1848,i,14228515077991255448,8574913679281551647,262144 --enable-features=ForceSWDCompWhenDCompFallbackRequired,msAggressiveCacheTrimming,msCustomDataPartition,msSingleSignOnOSForPrimaryAccountIs"
"msiexec",0.0150,0.0000,37100,"""C:\WINDOWS\system32\msiexec.exe"" /quiet  /l*v ""C:\WINDOWS\system32\config\systemprofile\AppData\Local\mdm\{72E753E8-1D66-468D-B882-EC8E61A87383}.log""  /qn /i ""C:\WINDOWS\system32\config\systemprofile\AppData\Local\mdm\{E1BF61B7-24EF-47F5-9396-1A6373DD3067}.msi"" "
"svchost",0.0150,0.0000,38520,"C:\WINDOWS\system32\svchost.exe -k netsvcs -p -s wlidsvc"
"AlertusDesktopAlert",0.0135,0.0000,25408,"""C:\Program Files (x86)\Alertus Technologies\Alertus Desktop\AlertusDesktopAlert.exe"" startup"
"msedgewebview2",0.0135,0.0000,8436,"""C:\Program Files (x86)\Microsoft\EdgeWebView\Application\139.0.3405.102\msedgewebview2.exe"" --embedded-browser-webview=1 --webview-exe-name=Widgets.exe --webview-exe-version=525.22300.0.0 --user-data-dir=""C:\Users\benjaming.REDMOND\AppData\Local\Packages\MicrosoftWindows.Client.WebExperience_cw5n1h2txyewy\LocalState\EBWebView"" --noerrdialogs --disk-cache-size=52428800 --edge-webview-is-background --lang=en-US --mojo-named-platform-channel-pipe=1224.13600.16636695828072262375 /pfhostedapp:1ec15097b557f7f931966541b3f105cc5a47009c"
"SearchHost",0.0135,0.0000,5140,"""C:\Windows\SystemApps\MicrosoftWindows.Client.CBS_cw5n1h2txyewy\SearchHost.exe"" -ServerName:CortanaUI.AppXstmwaab17q5s3y22tp6apqz7a45vwv65.mca"
"msedgewebview2",0.0120,0.0000,17148,"""C:\Program Files (x86)\Microsoft\EdgeWebView\Application\139.0.3405.102\msedgewebview2.exe"" --type=gpu-process --noerrdialogs --user-agent=""Mozilla/5.0 (Windows NT 10.0; Win64; x64; Cortana 1.18.9.23723; 10.0.0.0.29430.1000) AppleWebKit/537.36 (KHTML, like Gecko) Chrome/70.0.3538.102 Safari/537.36 Edge/18.29430 IsWebView2/True (WebView2Version 139.0.3405.102)"" --user-data-dir=""C:\Users\benjaming.REDMOND\AppData\Local\Packages\MicrosoftWindows.Client.CBS_cw5n1h2txyewy\LocalState\EBWebView"" --webview-exe-name=SearchHost.exe --webview-exe-version=2125.20401.0.2000 --embedded-browser-webview=1 --no-pre-read-main-dll --gpu-preferences=SAAAAAAAAADgAAAIAAAAAAAAAAAAAGAAAQAAAAAAAAAEAAAAAAAAAAAAAAAAAAAAAAAAAAAAAAAQAAAAAAAAABAAAAAAAAAACAAAAAAAAAAIAAAAAAAAAA== --always-read-main-dll --metrics-shmem-handle=1780,i,2211480256080778027,5783864341995588904,262144 --field-trial-handle=1948,i,16794949237765112938,10744838110969316530,262144 --enable-features=ForceSWDCompWhenDCompFallbackRequired,msAggressiveCacheTrimming,msCus"
"PhoneExperienceHost",0.0120,0.0000,21920,"""C:\Program Files\WindowsApps\Microsoft.YourPhone_1.25072.63.0_x64__8wekyb3d8bbwe\PhoneExperienceHost.exe"" -ComServer:Background -Embedding"
"Registry",0.0120,0.0000,296,""
"svchost",0.0120,0.0000,2800,"C:\WINDOWS\system32\svchost.exe -k LocalService -p -s nsi"
"WUDFHost",0.0120,0.0000,1908,"""C:\Windows\System32\WUDFHost.exe"" -HostGUID:{193a1820-d9ac-4997-8c55-be817523f6aa} -IoEventPortName:\UMDFCommunicationPorts\WUDF\HostProcess-157bda5c-7958-42b6-932a-775815584c1d -SystemEventPortName:\UMDFCommunicationPorts\WUDF\HostProcess-ea6da5aa-96d6-4ad3-8fac-4057f51c553e -IoCancelEventPortName:\UMDFCommunicationPorts\WUDF\HostProcess-cb543c0e-8a47-4a12-9bb9-f492b3ef63ed -NonStateChangingEventPortName:\UMDFCommunicationPorts\WUDF\HostProcess-7e87a0b2-c54f-4bcb-b359-0ed508c7843c -LifetimeId:4702324e-c675-4c94-bb36-d9e5639ea046 -DeviceGroupId:WudfDefaultDevicePool -HostArg:0"
"DlpUserAgent",0.0105,0.0000,5880,"""C:\ProgramData\Microsoft\Windows Defender\Platform\4.18.25070.5-0\DlpUserAgent.exe"" "
"msedgewebview2",0.0105,0.0000,31524,"""C:\Program Files (x86)\Microsoft\EdgeWebView\Application\139.0.3405.102\msedgewebview2.exe"" --type=utility --utility-sub-type=network.mojom.NetworkService --lang=en-US --service-sandbox-type=none --noerrdialogs --user-data-dir=""C:\Users\benjaming.REDMOND\AppData\Local\Microsoft\Olk\EBWebView"" --webview-exe-name=olk.exe --webview-exe-version=1.2025.806.300 --embedded-browser-webview=1 --embedded-browser-webview-dpi-awareness=2 --no-pre-read-main-dll --always-read-main-dll --metrics-shmem-handle=2052,i,3655781657003280441,16471773334285400042,524288 --field-trial-handle=1940,i,8033129406060731551,14143038207632028611,262144 --enable-features=ForceSWDCompWhenDCompFallbackRequired,msAbydos,msAbydosGestureSupport,msAbydosHandwritingAttr,msAggressiveCacheTrimming,msCustomDataPartition,msEnhancedTextContrast,msSingleSignOnOSForPrimaryAccountIsShared,msWebView2NoTabForScreenShare,msWindowsTaskManager --disable-features=BackForwardCache,BackgroundTabLoadingFromPerformanceManager,CloseOmniboxPopupOnInactiveAreaClick,C"
"msedgewebview2",0.0105,0.0000,27868,"""C:\Program Files (x86)\Microsoft\EdgeWebView\Application\139.0.3405.102\msedgewebview2.exe"" --embedded-browser-webview=1 --webview-exe-name=Calendar.exe --webview-exe-version=2.2508.8001.0 --user-data-dir=""C:\Users\benjaming.REDMOND\AppData\Local\Packages\Microsoft.M365Companions_8wekyb3d8bbwe\LocalState\Calendar\EBWebView"" --noerrdialogs --embedded-browser-webview-dpi-awareness=2 --disable-background-timer-throttling --disable-features=msEnhancedTrackingPreventionEnabled --mojo-named-platform-channel-pipe=23828.27764.6576086402115476544 /pfhostedapp:a4a3cd379b99ec60983c9a9c438ccaad66ddb308"
"msedgewebview2",0.0090,0.0000,22364,"""C:\Program Files (x86)\Microsoft\EdgeWebView\Application\139.0.3405.102\msedgewebview2.exe"" --type=gpu-process --noerrdialogs --user-data-dir=""C:\Users\benjaming.REDMOND\AppData\Local\Packages\MSTeams_8wekyb3d8bbwe\LocalCache\Microsoft\MSTeams\EBWebView"" --webview-exe-name=ms-teams.exe --webview-exe-version=25227.201.3887.7121 --embedded-browser-webview=1 --embedded-browser-webview-dpi-awareness=2 --no-pre-read-main-dll --gpu-preferences=SAAAAAAAAADgAAAIAAAAAAAAAAAAAGAAAQAAAAAAAAAEAAAAAAAAAAAAAAAAAAAAAAAAAAAAAAAQAAAAAAAAABAAAAAAAAAACAAAAAAAAAAIAAAAAAAAAA== --always-read-main-dll --metrics-shmem-handle=1672,i,11217648657666743546,15881069491224149345,262144 --field-trial-handle=1848,i,9232284790936083051,8827603450831938181,262144 --enable-features=AutofillReplaceCachedWebElementsByRendererIds,DocumentPolicyIncludeJSCallStacksInCrashReports,ForceSWDCompWhenDCompFallbackRequired,PartitionedCookies,PreferredAudioOutputDevices,SharedArrayBuffer,SkipGrantAccessToDataPathIfAlreadySet,ThirdPartyStoragePartitioning,"
"msedgewebview2",0.0090,0.0000,17176,"""C:\Program Files (x86)\Microsoft\EdgeWebView\Application\139.0.3405.102\msedgewebview2.exe"" --type=utility --utility-sub-type=network.mojom.NetworkService --lang=en-US --service-sandbox-type=none --noerrdialogs --user-agent=""Mozilla/5.0 (Windows NT 10.0; Win64; x64; Cortana 1.18.9.23723; 10.0.0.0.29430.1000) AppleWebKit/537.36 (KHTML, like Gecko) Chrome/70.0.3538.102 Safari/537.36 Edge/18.29430 IsWebView2/True (WebView2Version 139.0.3405.102)"" --user-data-dir=""C:\Users\benjaming.REDMOND\AppData\Local\Packages\MicrosoftWindows.Client.CBS_cw5n1h2txyewy\LocalState\EBWebView"" --webview-exe-name=SearchHost.exe --webview-exe-version=2125.20401.0.2000 --embedded-browser-webview=1 --always-read-main-dll --metrics-shmem-handle=2180,i,11053815033230673970,12044020726328619558,524288 --field-trial-handle=1948,i,16794949237765112938,10744838110969316530,262144 --enable-features=ForceSWDCompWhenDCompFallbackRequired,msAggressiveCacheTrimming,msCustomDataPartition,msEdgeFluentOverlayScrollbar,msWebView2NoTabForScreenShare"
"msedgewebview2",0.0090,0.0000,28768,"""C:\Program Files (x86)\Microsoft\EdgeWebView\Application\139.0.3405.102\msedgewebview2.exe"" --type=renderer --noerrdialogs --user-data-dir=""C:\Users\benjaming.REDMOND\AppData\Local\Packages\Microsoft.M365Companions_8wekyb3d8bbwe\LocalState\Calendar\EBWebView"" --webview-exe-name=Calendar.exe --webview-exe-version=2.2508.8001.0 --embedded-browser-webview=1 --embedded-browser-webview-dpi-awareness=2 --no-pre-read-main-dll --disable-background-timer-throttling --video-capture-use-gpu-memory-buffer --lang=en-US --device-scale-factor=1.25 --num-raster-threads=4 --enable-main-frame-before-activation --renderer-client-id=5 --js-flags=""--expose-gc --ms-user-locale="" --time-ticks-at-unix-epoch=-1755680330158810 --launch-time-ticks=32200742489 --always-read-main-dll --metrics-shmem-handle=3616,i,18121546279730051107,1773683472842625965,2097152 --field-trial-handle=1844,i,14076789075349774618,5990026520275620378,262144 --enable-features=ForceSWDCompWhenDCompFallbackRequired,msAggressiveCacheTrimming,msCustomDataPartitio"
"svchost",0.0090,5.4607,3288,"C:\WINDOWS\system32\svchost.exe -k NetworkService -p"
"LsaIso",0.0075,0.0000,1612,"\??\C:\WINDOWS\system32\lsaiso.exe -CredGuard -KeyGuard"
"msedgewebview2",0.0075,0.0000,28260,"""C:\Program Files (x86)\Microsoft\EdgeWebView\Application\139.0.3405.102\msedgewebview2.exe"" --type=gpu-process --noerrdialogs --user-data-dir=""C:\Users\benjaming.REDMOND\AppData\Local\Packages\Microsoft.M365Companions_8wekyb3d8bbwe\LocalState\Files\EBWebView"" --webview-exe-name=Files.exe --webview-exe-version=2.2508.8001.0 --embedded-browser-webview=1 --embedded-browser-webview-dpi-awareness=2 --no-pre-read-main-dll --gpu-preferences=SAAAAAAAAADgAAAIAAAAAAAAAAAAAGAAAQAAAAAAAAAEAAAAAAAAAAAAAAAAAAAAAAAAAAAAAAAQAAAAAAAAABAAAAAAAAAACAAAAAAAAAAIAAAAAAAAAA== --always-read-main-dll --metrics-shmem-handle=1684,i,12036929097228022419,13501132122943727893,262144 --field-trial-handle=1888,i,16605339906420287399,11502722819294103519,262144 --enable-features=ForceSWDCompWhenDCompFallbackRequired,msAggressiveCacheTrimming,msCustomDataPartition,msWebView2NoTabForScreenShare,msWindowsTaskManager --disable-features=BackForwardCache,BackgroundTabLoadingFromPerformanceManager,CloseOmniboxPopupOnInactiveAreaClick,CollectAVProdu"
"msedgewebview2",0.0075,0.0000,24724,"""C:\Program Files (x86)\Microsoft\EdgeWebView\Application\139.0.3405.102\msedgewebview2.exe"" --embedded-browser-webview=1 --webview-exe-name=WebViewHost.exe --webview-exe-version=19.2508.47021.0 --user-data-dir=""C:\Users\benjaming.REDMOND\AppData\Local\Packages\Microsoft.MicrosoftOfficeHub_8wekyb3d8bbwe\LocalState\EBWebView"" --noerrdialogs --embedded-browser-webview-dpi-awareness=2 --disable-features=msEnhancedTrackingPreventionEnabled --enable-features=msSingleSignOnOSForPrimaryAccountIsShared --mojo-named-platform-channel-pipe=26552.26364.17986687398486298476 /pfhostedapp:1b1e04dbbaf59080f80ec12ce03b9627f1473e63"
"msedgewebview2",0.0075,0.0000,17212,"""C:\Program Files (x86)\Microsoft\EdgeWebView\Application\139.0.3405.102\msedgewebview2.exe"" --embedded-browser-webview=1 --webview-exe-name=OneDrive.exe --webview-exe-version=25.149.0803.0003 --user-data-dir=""C:\Users\benjaming.REDMOND\AppData\Local\Microsoft\OneDrive\EBWebView"" --noerrdialogs --embedded-browser-webview-dpi-awareness=1 --disable-features=msEnhancedTrackingPreventionEnabled --mojo-named-platform-channel-pipe=19892.19040.4596750522587944337 /pfhostedapp:36f66206d9a5f07f567effabe737fb9cf4c3919a"
"olk",0.0075,0.0000,16472,"""C:\Program Files\WindowsApps\Microsoft.OutlookForWindows_1.2025.806.300_x64__8wekyb3d8bbwe\olk.exe"" --restart-on-update=3"
"RuntimeBroker",0.0075,0.0000,3360,"C:\Windows\System32\RuntimeBroker.exe -Embedding"
"ServiceHub.ThreadedWaitDialog",0.0075,0.0000,21280,"""C:\Program Files\Microsoft Visual Studio\2022\Enterprise\Common7\ServiceHub\Hosts\ServiceHub.Host.dotnet.x64\ServiceHub.ThreadedWaitDialog.exe"" dotnet$ThreadedWaitDialog net.pipe://1978095EEE757A78F755D74184C209DDF30C6 ""/TelemetrySession:{\""TelemetryLevel\"":null,\""IsOptedIn\"":true,\""HostName\"":\""Dev14\"",\""AppInsightsInstrumentationKey\"":\""f144292e-e3b2-4011-ac90-20e5c03fbce5\"",\""AsimovInstrumentationKey\"":\""AIF-312cbd79-9dbb-4c48-a7da-3cc2a931cb70\"",\""CollectorApiKey\"":\""f3e86b4023cc43f0be495508d51f588a-f70d0e59-0fb0-4473-9f19-b4024cc340be-7296\"",\""AppId\"":1001,\""UserId\"":\""2dba2122-c8a1-45b6-ac82-001f5865d3e3\"",\""Id\"":\""43746843-c2ce-42ef-9bc7-521b96990f7c\"",\""ProcessStartTime\"":638913092465839523,\""SkuName\"":\""VS_Enterprise\"",\""VSExeVersion\"":\""17.14.36408.4\"",\""BucketFiltersToEnableWatsonForFaults\"":[],\""BucketFiltersToAddDumpsToFaults\"":[]}"" $HostRemoteBrokerPipeName"
"svchost",0.0075,0.0000,3708,"C:\WINDOWS\system32\svchost.exe -k LocalServiceNoNetworkFirewall -p"
"svchost",0.0075,0.0000,2780,"C:\WINDOWS\System32\svchost.exe -k netsvcs -p -s BDESVC"
"WebViewHost",0.0075,0.0000,26552,"""C:\Program Files\WindowsApps\Microsoft.MicrosoftOfficeHub_19.2508.47021.0_x64__8wekyb3d8bbwe\WebViewHost.exe"" autostart"
"backgroundTaskHost",0.0060,0.0000,20724,"""C:\WINDOWS\system32\backgroundTaskHost.exe"" -ServerName:App.AppXe9cvj1thv1hmcw0cs98xm3r97tyzy2xs.mca"
"Calendar",0.0060,0.0000,23828,"""C:\Program Files\WindowsApps\Microsoft.M365Companions_2.2508.8001.0_x64__8wekyb3d8bbwe\Calendar\Calendar.exe"" /minimize "
"msedge",0.0060,0.0000,23604,"""C:\Program Files (x86)\Microsoft\Edge\Application\msedge.exe"" --no-startup-window"
"msedgewebview2",0.0060,0.0000,18848,"""C:\Program Files (x86)\Microsoft\EdgeWebView\Application\139.0.3405.102\msedgewebview2.exe"" --type=gpu-process --noerrdialogs --user-data-dir=""C:\Users\benjaming.REDMOND\AppData\Local\Packages\MicrosoftWindows.Client.WebExperience_cw5n1h2txyewy\LocalState\EBWebView"" --webview-exe-name=Widgets.exe --webview-exe-version=525.22300.0.0 --embedded-browser-webview=1 --no-pre-read-main-dll --gpu-preferences=SAAAAAAAAADgAAAIAAAAAAAAAAAAAGAAAQAAAAAAAAAEAAAAAAAAAAAAAAAAAAAAAAAAAAAAAAAQAAAAAAAAABAAAAAAAAAACAAAAAAAAAAIAAAAAAAAAA== --always-read-main-dll --metrics-shmem-handle=1708,i,13275522317397142690,12352364910837198964,262144 --field-trial-handle=1900,i,16685342306069031692,9043298843737266012,262144 --enable-features=ForceSWDCompWhenDCompFallbackRequired,msAggressiveCacheTrimming,msCustomDataPartition,msWebView2NoTabForScreenShare,msWindowsTaskManager --disable-features=BackForwardCache,BackgroundTabLoadingFromPerformanceManager,CloseOmniboxPopupOnInactiveAreaClick,CollectAVProductsInfo,CollectCodeIntegrityInfo,En"
"msedgewebview2",0.0060,0.0000,28616,"""C:\Program Files (x86)\Microsoft\EdgeWebView\Application\139.0.3405.102\msedgewebview2.exe"" --type=renderer --noerrdialogs --user-data-dir=""C:\Users\benjaming.REDMOND\AppData\Local\Packages\Microsoft.M365Companions_8wekyb3d8bbwe\LocalState\Files\EBWebView"" --webview-exe-name=Files.exe --webview-exe-version=2.2508.8001.0 --embedded-browser-webview=1 --embedded-browser-webview-dpi-awareness=2 --no-pre-read-main-dll --disable-background-timer-throttling --video-capture-use-gpu-memory-buffer --lang=en-US --device-scale-factor=1.25 --num-raster-threads=4 --enable-main-frame-before-activation --renderer-client-id=5 --js-flags=""--expose-gc --ms-user-locale="" --time-ticks-at-unix-epoch=-1755680330158811 --launch-time-ticks=32200539892 --always-read-main-dll --metrics-shmem-handle=3456,i,9187861819967817321,14856818503084196906,2097152 --field-trial-handle=1888,i,16605339906420287399,11502722819294103519,262144 --enable-features=ForceSWDCompWhenDCompFallbackRequired,msAggressiveCacheTrimming,msCustomDataPartition,msW"
"OneDrive.Sync.Service",0.0060,0.0000,18964,"""C:\Users\benjaming.REDMOND\AppData\Local\Microsoft\OneDrive\25.149.0803.0003\OneDrive.Sync.Service.exe"" "
"People",0.0060,0.0000,18232,"""C:\Program Files\WindowsApps\Microsoft.M365Companions_2.2508.8001.0_x64__8wekyb3d8bbwe\People\People.exe"" /minimize "
"ServiceHub.RoslynCodeAnalysisService",0.0060,0.0000,16236,"""C:\Program Files\Microsoft Visual Studio\2022\Enterprise\Common7\ServiceHub\Hosts\ServiceHub.Host.dotnet.x64\ServiceHub.RoslynCodeAnalysisService.exe"" dotnet$RoslynCodeAnalysisService net.pipe://1978095EEE757A78F755D74184C209DDF30C6 ""/TelemetrySession:{\""TelemetryLevel\"":null,\""IsOptedIn\"":true,\""HostName\"":\""Dev14\"",\""AppInsightsInstrumentationKey\"":\""f144292e-e3b2-4011-ac90-20e5c03fbce5\"",\""AsimovInstrumentationKey\"":\""AIF-312cbd79-9dbb-4c48-a7da-3cc2a931cb70\"",\""CollectorApiKey\"":\""f3e86b4023cc43f0be495508d51f588a-f70d0e59-0fb0-4473-9f19-b4024cc340be-7296\"",\""AppId\"":1001,\""UserId\"":\""2dba2122-c8a1-45b6-ac82-001f5865d3e3\"",\""Id\"":\""43746843-c2ce-42ef-9bc7-521b96990f7c\"",\""ProcessStartTime\"":638913092465839523,\""SkuName\"":\""VS_Enterprise\"",\""VSExeVersion\"":\""17.14.36408.4\"",\""BucketFiltersToEnableWatsonForFaults\"":[],\""BucketFiltersToAddDumpsToFaults\"":[]}"" \\.\pipe\3A505534-A1E9-424B-9050-E572AE5293DC"
"CrossDeviceResume",0.0045,0.0000,3688,"""C:\Windows\SystemApps\MicrosoftWindows.Client.CBS_cw5n1h2txyewy\CrossDeviceResume.exe"" /tileid MicrosoftWindows.Client.CBS_cw5n1h2txyewy!CrossDeviceResumeApp"
"msedgewebview2",0.0045,0.0000,28548,"""C:\Program Files (x86)\Microsoft\EdgeWebView\Application\139.0.3405.102\msedgewebview2.exe"" --type=gpu-process --noerrdialogs --user-data-dir=""C:\Users\benjaming.REDMOND\AppData\Local\Packages\Microsoft.M365Companions_8wekyb3d8bbwe\LocalState\Calendar\EBWebView"" --webview-exe-name=Calendar.exe --webview-exe-version=2.2508.8001.0 --embedded-browser-webview=1 --embedded-browser-webview-dpi-awareness=2 --no-pre-read-main-dll --gpu-preferences=SAAAAAAAAADgAAAIAAAAAAAAAAAAAGAAAQAAAAAAAAAEAAAAAAAAAAAAAAAAAAAAAAAAAAAAAAAQAAAAAAAAABAAAAAAAAAACAAAAAAAAAAIAAAAAAAAAA== --always-read-main-dll --metrics-shmem-handle=1680,i,7670917632367265620,12804967711196561718,262144 --field-trial-handle=1844,i,14076789075349774618,5990026520275620378,262144 --enable-features=ForceSWDCompWhenDCompFallbackRequired,msAggressiveCacheTrimming,msCustomDataPartition,msWebView2NoTabForScreenShare,msWindowsTaskManager --disable-features=BackForwardCache,BackgroundTabLoadingFromPerformanceManager,CloseOmniboxPopupOnInactiveAreaClick,CollectAVP"
"msedgewebview2",0.0045,0.0000,17260,"""C:\Program Files (x86)\Microsoft\EdgeWebView\Application\139.0.3405.102\msedgewebview2.exe"" --type=utility --utility-sub-type=storage.mojom.StorageService --lang=en-US --service-sandbox-type=service --noerrdialogs --user-agent=""Mozilla/5.0 (Windows NT 10.0; Win64; x64; Cortana 1.18.9.23723; 10.0.0.0.29430.1000) AppleWebKit/537.36 (KHTML, like Gecko) Chrome/70.0.3538.102 Safari/537.36 Edge/18.29430 IsWebView2/True (WebView2Version 139.0.3405.102)"" --user-data-dir=""C:\Users\benjaming.REDMOND\AppData\Local\Packages\MicrosoftWindows.Client.CBS_cw5n1h2txyewy\LocalState\EBWebView"" --webview-exe-name=SearchHost.exe --webview-exe-version=2125.20401.0.2000 --embedded-browser-webview=1 --always-read-main-dll --metrics-shmem-handle=2460,i,17322209671434086416,1922754234432043119,524288 --field-trial-handle=1948,i,16794949237765112938,10744838110969316530,262144 --enable-features=ForceSWDCompWhenDCompFallbackRequired,msAggressiveCacheTrimming,msCustomDataPartition,msEdgeFluentOverlayScrollbar,msWebView2NoTabForScreenSha"
"PerfWatson2",0.0045,0.0000,9268,""".\PerfWatson2.exe"" -p 21220 -version 16 -role 3 {%22TelemetryLevel%22:null,%22IsOptedIn%22:true,%22HostName%22:%22Dev14%22,%22AppInsightsInstrumentationKey%22:%22f144292e-e3b2-4011-ac90-20e5c03fbce5%22,%22AsimovInstrumentationKey%22:%22AIF-312cbd79-9dbb-4c48-a7da-3cc2a931cb70%22,%22CollectorApiKey%22:%22f3e86b4023cc43f0be495508d51f588a-f70d0e59-0fb0-4473-9f19-b4024cc340be-7296%22,%22AppId%22:1001,%22UserId%22:%222dba2122-c8a1-45b6-ac82-001f5865d3e3%22,%22Id%22:%2243746843-c2ce-42ef-9bc7-521b96990f7c%22,%22ProcessStartTime%22:638913092465839523,%22SkuName%22:%22VS_Enterprise%22,%22VSExeVersion%22:%2217.14.36408.4%22,%22BucketFiltersToEnableWatsonForFaults%22:[],%22BucketFiltersToAddDumpsToFaults%22:[]}"
"RAVCpl64",0.0045,0.0000,15900,"""C:\Program Files\Realtek\Audio\HDA\RAVCpl64.exe"" -s"
"RuntimeBroker",0.0045,0.0000,516,"C:\Windows\System32\RuntimeBroker.exe -Embedding"
"ShellHost",0.0045,0.0000,40388,"""C:\Windows\System32\ShellHost.exe"""
"StandardCollector.Service",0.0045,0.0000,4636,"""C:\Program Files (x86)\Microsoft Visual Studio\Shared\Common\DiagnosticsHub.Collection.Service\StandardCollector.Service.exe"""
"svchost",0.0045,0.0000,2156,"C:\WINDOWS\system32\svchost.exe -k LocalServiceNoNetwork -p"
"svchost",0.0045,0.0000,7964,"C:\WINDOWS\system32\svchost.exe -k LocalSystemNetworkRestricted -p -s PcaSvc"
"svchost",0.0045,0.0000,4444,"C:\WINDOWS\System32\svchost.exe -k netsvcs -p -s ShellHWDetection"
"TrustedInstaller",0.0045,0.0000,3540,"C:\WINDOWS\servicing\TrustedInstaller.exe"
"audiodg",0.0030,0.0000,10232,"C:\WINDOWS\system32\AUDIODG.EXE 0x00000000000007EC 0x0000000000000704"
"Files",0.0030,0.0000,24508,"""C:\Program Files\WindowsApps\Microsoft.M365Companions_2.2508.8001.0_x64__8wekyb3d8bbwe\Files\Files.exe"" /minimize /restart"
"fontdrvhost",0.0030,0.0000,1960,"""fontdrvhost.exe"""
"GlobalSecureAccessPolicyRetrieverService",0.0030,0.0000,25772,"""C:\Program Files\Global Secure Access Client\PolicyService\GlobalSecureAccessPolicyRetrieverService.exe"""
"MoNotificationUx",0.0030,0.0000,40448,"C:\WINDOWS\uus\AMD64\MoNotificationUx.exe /NotificationType Reboot_Engaged /FormFactor Passive /CV bZdKO9dkakOz+3Gj.1.0.0"
"msedgewebview2",0.0030,0.0000,31680,"""C:\Program Files (x86)\Microsoft\EdgeWebView\Application\139.0.3405.102\msedgewebview2.exe"" --type=renderer --noerrdialogs --user-data-dir=""C:\Users\benjaming.REDMOND\AppData\Local\Microsoft\Olk\EBWebView"" --webview-exe-name=olk.exe --webview-exe-version=1.2025.806.300 --embedded-browser-webview=1 --embedded-browser-webview-dpi-awareness=2 --no-pre-read-main-dll --video-capture-use-gpu-memory-buffer --lang=en-US --device-scale-factor=1.25 --num-raster-threads=4 --enable-main-frame-before-activation --renderer-client-id=5 --js-flags=""--expose-gc --ms-user-locale="" --time-ticks-at-unix-epoch=-1755680330158751 --launch-time-ticks=32210213114 --always-read-main-dll --metrics-shmem-handle=3412,i,2909241507951412939,16861473697940000721,2097152 --field-trial-handle=1940,i,8033129406060731551,14143038207632028611,262144 --enable-features=ForceSWDCompWhenDCompFallbackRequired,msAbydos,msAbydosGestureSupport,msAbydosHandwritingAttr,msAggressiveCacheTrimming,msCustomDataPartition,msEnhancedTextContrast,msSingleSignOnO"
"msedgewebview2",0.0030,0.0000,28252,"""C:\Program Files (x86)\Microsoft\EdgeWebView\Application\139.0.3405.102\msedgewebview2.exe"" --type=gpu-process --noerrdialogs --user-data-dir=""C:\Users\benjaming.REDMOND\AppData\Local\Packages\Microsoft.M365Companions_8wekyb3d8bbwe\LocalState\People\EBWebView"" --webview-exe-name=People.exe --webview-exe-version=2.2508.8001.0 --embedded-browser-webview=1 --embedded-browser-webview-dpi-awareness=2 --no-pre-read-main-dll --gpu-preferences=SAAAAAAAAADgAAAIAAAAAAAAAAAAAGAAAQAAAAAAAAAEAAAAAAAAAAAAAAAAAAAAAAAAAAAAAAAQAAAAAAAAABAAAAAAAAAACAAAAAAAAAAIAAAAAAAAAA== --always-read-main-dll --metrics-shmem-handle=1720,i,9304133045324938329,402785107203038817,262144 --field-trial-handle=1904,i,7208261295524124571,16047749738743927188,262144 --enable-features=ForceSWDCompWhenDCompFallbackRequired,msAggressiveCacheTrimming,msCustomDataPartition,msWebView2NoTabForScreenShare,msWindowsTaskManager --disable-features=BackForwardCache,BackgroundTabLoadingFromPerformanceManager,CloseOmniboxPopupOnInactiveAreaClick,CollectAVProduct"
"msedgewebview2",0.0030,0.0000,22640,"""C:\Program Files (x86)\Microsoft\EdgeWebView\Application\139.0.3405.102\msedgewebview2.exe"" --type=crashpad-handler --user-data-dir=C:\Users\benjaming.REDMOND\AppData\Local\Packages\MSTeams_8wekyb3d8bbwe\LocalCache\Microsoft\MSTeams\EBWebView /prefetch:4 /pfhostedapp:3281cef100f69e01b7d11953c64af802068f63bb --monitor-self-annotation=ptype=crashpad-handler --database=C:\Users\benjaming.REDMOND\AppData\Local\Packages\MSTeams_8wekyb3d8bbwe\LocalCache\Microsoft\MSTeams\EBWebView\Crashpad --metrics-dir=C:\Users\benjaming.REDMOND\AppData\Local\Packages\MSTeams_8wekyb3d8bbwe\LocalCache\Microsoft\MSTeams\EBWebView --annotation=IsOfficialBuild=1 --annotation=channel= --annotation=chromium-version=139.0.7258.128 ""--annotation=exe=C:\Program Files (x86)\Microsoft\EdgeWebView\Application\139.0.3405.102\msedgewebview2.exe"" --annotation=plat=Win64 ""--annotation=prod=Edge WebView2"" --annotation=ver=139.0.3405.102 --initial-client-data=0x17c,0x180,0x184,0x158,0x190,0x7fff2f74c188,0x7fff2f74c194,0x7fff2f74c1a0"
"msedgewebview2",0.0030,0.0000,24280,"""C:\Program Files (x86)\Microsoft\EdgeWebView\Application\139.0.3405.102\msedgewebview2.exe"" --embedded-browser-webview=1 --webview-exe-name=People.exe --webview-exe-version=2.2508.8001.0 --user-data-dir=""C:\Users\benjaming.REDMOND\AppData\Local\Packages\Microsoft.M365Companions_8wekyb3d8bbwe\LocalState\People\EBWebView"" --noerrdialogs --embedded-browser-webview-dpi-awareness=2 --disable-background-timer-throttling --disable-features=msEnhancedTrackingPreventionEnabled --mojo-named-platform-channel-pipe=18232.24568.11851610380818306060 /pfhostedapp:fe6d713621f52aef031cb2cd8b5b199c4c7f0ea2"
"msedgewebview2",0.0030,0.0000,28580,"""C:\Program Files (x86)\Microsoft\EdgeWebView\Application\139.0.3405.102\msedgewebview2.exe"" --type=renderer --noerrdialogs --user-data-dir=""C:\Users\benjaming.REDMOND\AppData\Local\Packages\Microsoft.M365Companions_8wekyb3d8bbwe\LocalState\People\EBWebView"" --webview-exe-name=People.exe --webview-exe-version=2.2508.8001.0 --embedded-browser-webview=1 --embedded-browser-webview-dpi-awareness=2 --no-pre-read-main-dll --disable-background-timer-throttling --video-capture-use-gpu-memory-buffer --lang=en-US --device-scale-factor=1.25 --num-raster-threads=4 --enable-main-frame-before-activation --renderer-client-id=5 --js-flags=""--expose-gc --ms-user-locale="" --time-ticks-at-unix-epoch=-1755680330158811 --launch-time-ticks=32200556055 --always-read-main-dll --metrics-shmem-handle=3636,i,16962075880517080349,3001479791945945315,2097152 --field-trial-handle=1904,i,7208261295524124571,16047749738743927188,262144 --enable-features=ForceSWDCompWhenDCompFallbackRequired,msAggressiveCacheTrimming,msCustomDataPartition,ms"
"msedgewebview2",0.0030,0.0000,27756,"""C:\Program Files (x86)\Microsoft\EdgeWebView\Application\139.0.3405.102\msedgewebview2.exe"" --type=crashpad-handler --user-data-dir=C:\Users\benjaming.REDMOND\AppData\Local\Packages\Microsoft.M365Companions_8wekyb3d8bbwe\LocalState\People\EBWebView /prefetch:4 /pfhostedapp:fe6d713621f52aef031cb2cd8b5b199c4c7f0ea2 --monitor-self-annotation=ptype=crashpad-handler --database=C:\Users\benjaming.REDMOND\AppData\Local\Packages\Microsoft.M365Companions_8wekyb3d8bbwe\LocalState\People\EBWebView\Crashpad --metrics-dir=C:\Users\benjaming.REDMOND\AppData\Local\Packages\Microsoft.M365Companions_8wekyb3d8bbwe\LocalState\People\EBWebView --annotation=IsOfficialBuild=1 --annotation=channel= --annotation=chromium-version=139.0.7258.128 ""--annotation=exe=C:\Program Files (x86)\Microsoft\EdgeWebView\Application\139.0.3405.102\msedgewebview2.exe"" --annotation=plat=Win64 ""--annotation=prod=Edge WebView2"" --annotation=ver=139.0.3405.102 --initial-client-data=0x180,0x184,0x188,0x15c,0x190,0x7fff2f74c188,0x7fff2f74c194,0x7fff2f74c"
"msedgewebview2",0.0030,0.0000,19412,"""C:\Program Files (x86)\Microsoft\EdgeWebView\Application\139.0.3405.102\msedgewebview2.exe"" --type=crashpad-handler --user-data-dir=C:\Users\benjaming.REDMOND\AppData\Local\Microsoft\OneDrive\EBWebView /prefetch:4 /pfhostedapp:36f66206d9a5f07f567effabe737fb9cf4c3919a --monitor-self-annotation=ptype=crashpad-handler --database=C:\Users\benjaming.REDMOND\AppData\Local\Microsoft\OneDrive\EBWebView\Crashpad --metrics-dir=C:\Users\benjaming.REDMOND\AppData\Local\Microsoft\OneDrive\EBWebView --annotation=IsOfficialBuild=1 --annotation=channel= --annotation=chromium-version=139.0.7258.128 ""--annotation=exe=C:\Program Files (x86)\Microsoft\EdgeWebView\Application\139.0.3405.102\msedgewebview2.exe"" --annotation=plat=Win64 ""--annotation=prod=Edge WebView2"" --annotation=ver=139.0.3405.102 --initial-client-data=0x194,0x198,0x19c,0x140,0x1a4,0x7fff2f74c188,0x7fff2f74c194,0x7fff2f74c1a0"
"msedgewebview2",0.0030,0.0000,8700,"""C:\Program Files (x86)\Microsoft\EdgeWebView\Application\139.0.3405.102\msedgewebview2.exe"" --type=gpu-process --noerrdialogs --user-data-dir=""C:\Users\benjaming.REDMOND\AppData\Local\Packages\Microsoft.MicrosoftOfficeHub_8wekyb3d8bbwe\LocalState\EBWebView"" --webview-exe-name=WebViewHost.exe --webview-exe-version=19.2508.47021.0 --embedded-browser-webview=1 --embedded-browser-webview-dpi-awareness=2 --no-pre-read-main-dll --gpu-preferences=SAAAAAAAAADgAAAIAAAAAAAAAAAAAGAAAQAAAAAAAAAEAAAAAAAAAAAAAAAAAAAAAAAAAAAAAAAQAAAAAAAAABAAAAAAAAAACAAAAAAAAAAIAAAAAAAAAA== --always-read-main-dll --metrics-shmem-handle=1700,i,4695494353964021269,10025719251604277449,262144 --field-trial-handle=1848,i,14228515077991255448,8574913679281551647,262144 --enable-features=ForceSWDCompWhenDCompFallbackRequired,msAggressiveCacheTrimming,msCustomDataPartition,msSingleSignOnOSForPrimaryAccountIsShared,msWebView2NoTabForScreenShare,msWindowsTaskManager --disable-features=BackForwardCache,BackgroundTabLoadingFromPerformanceManager,Close"
"OpenConsole",0.0030,0.0000,44820,"""c:\program files\microsoft visual studio\2022\enterprise\common7\ide\commonextensions\microsoft\terminal\ServiceHub\os64\OpenConsole.exe"" --headless --width 152 --height 30 --signal 0x7a8 --server 0x7e4"
"RtkAudUService64",0.0030,0.0000,12072,"""C:\Windows\System32\DriverStore\FileRepository\realtekservice.inf_amd64_291337223b900dd5\RtkAudUService64.exe"" -background"
"SecurityHealthSystray",0.0030,0.0000,18844,"""C:\Windows\System32\SecurityHealthSystray.exe"" "
"svchost",0.0030,0.0000,4804,"C:\WINDOWS\system32\svchost.exe -k LocalServiceNetworkRestricted -p -s Wcmsvc"
"svchost",0.0030,0.0000,4380,"C:\WINDOWS\System32\svchost.exe -k LocalSystemNetworkRestricted -p -s NcbService"
"svchost",0.0030,0.0000,3080,"C:\WINDOWS\system32\svchost.exe -k LocalServiceNetworkRestricted -p -s TimeBrokerSvc"
"svchost",0.0030,0.0000,23760,"C:\WINDOWS\System32\svchost.exe -k Camera -s FrameServer"
"svchost",0.0030,0.0000,5088,"C:\WINDOWS\system32\svchost.exe -k LocalSystemNetworkRestricted -p -s dot3svc"
"svchost",0.0030,0.0000,1860,"C:\WINDOWS\system32\svchost.exe -k LocalServiceAndNoImpersonation -s SCardSvr"
"AggregatorHost",0.0015,0.0000,10176,"AggregatorHost.exe"
"InventoryService",0.0015,0.0000,5396,"""C:\Program Files\Microsoft Device Inventory Agent\InventoryService\InventoryService.exe"""
"Microsoft.Management.Services.IntuneWindowsAgent",0.0015,0.0000,6332,"""C:\Program Files (x86)\Microsoft Intune Management Extension\Microsoft.Management.Services.IntuneWindowsAgent.exe"""
"msedge",0.0015,0.0000,19680,"""C:\Program Files (x86)\Microsoft\Edge\Application\msedge.exe"" --type=crashpad-handler ""--user-data-dir=C:\Users\benjaming.REDMOND\AppData\Local\Microsoft\Edge\User Data"" /prefetch:4 --monitor-self-annotation=ptype=crashpad-handler ""--database=C:\Users\benjaming.REDMOND\AppData\Local\Microsoft\Edge\User Data\Crashpad"" ""--metrics-dir=C:\Users\benjaming.REDMOND\AppData\Local\Microsoft\Edge\User Data"" --annotation=IsOfficialBuild=1 --annotation=channel= --annotation=chromium-version=139.0.7258.128 ""--annotation=exe=C:\Program Files (x86)\Microsoft\Edge\Application\msedge.exe"" --annotation=plat=Win64 --annotation=prod=Edge --annotation=ver=139.0.3405.102 --initial-client-data=0x26c,0x270,0x274,0x268,0x27c,0x7fff2f74c188,0x7fff2f74c194,0x7fff2f74c1a0"
"msedgewebview2",0.0015,0.0000,31536,"""C:\Program Files (x86)\Microsoft\EdgeWebView\Application\139.0.3405.102\msedgewebview2.exe"" --type=gpu-process --noerrdialogs --user-data-dir=""C:\Users\benjaming.REDMOND\AppData\Local\Microsoft\Olk\EBWebView"" --webview-exe-name=olk.exe --webview-exe-version=1.2025.806.300 --embedded-browser-webview=1 --embedded-browser-webview-dpi-awareness=2 --no-pre-read-main-dll --gpu-preferences=SAAAAAAAAADgAAAIAAAAAAAAAAAAAGAAAQAAAAAAAAAEAAAAAAAAAAAAAAAAAAAAAAAAAAAAAAAQAAAAAAAAABAAAAAAAAAACAAAAAAAAAAIAAAAAAAAAA== --always-read-main-dll --metrics-shmem-handle=1724,i,3980312206169518153,10127800526900623321,262144 --field-trial-handle=1940,i,8033129406060731551,14143038207632028611,262144 --enable-features=ForceSWDCompWhenDCompFallbackRequired,msAbydos,msAbydosGestureSupport,msAbydosHandwritingAttr,msAggressiveCacheTrimming,msCustomDataPartition,msEnhancedTextContrast,msSingleSignOnOSForPrimaryAccountIsShared,msWebView2NoTabForScreenShare,msWindowsTaskManager --disable-features=BackForwardCache,BackgroundTabLoadingFromPer"
"msedgewebview2",0.0015,0.0000,28020,"""C:\Program Files (x86)\Microsoft\EdgeWebView\Application\139.0.3405.102\msedgewebview2.exe"" --type=crashpad-handler --user-data-dir=C:\Users\benjaming.REDMOND\AppData\Local\Packages\Microsoft.M365Companions_8wekyb3d8bbwe\LocalState\Calendar\EBWebView /prefetch:4 /pfhostedapp:a4a3cd379b99ec60983c9a9c438ccaad66ddb308 --monitor-self-annotation=ptype=crashpad-handler --database=C:\Users\benjaming.REDMOND\AppData\Local\Packages\Microsoft.M365Companions_8wekyb3d8bbwe\LocalState\Calendar\EBWebView\Crashpad --metrics-dir=C:\Users\benjaming.REDMOND\AppData\Local\Packages\Microsoft.M365Companions_8wekyb3d8bbwe\LocalState\Calendar\EBWebView --annotation=IsOfficialBuild=1 --annotation=channel= --annotation=chromium-version=139.0.7258.128 ""--annotation=exe=C:\Program Files (x86)\Microsoft\EdgeWebView\Application\139.0.3405.102\msedgewebview2.exe"" --annotation=plat=Win64 ""--annotation=prod=Edge WebView2"" --annotation=ver=139.0.3405.102 --initial-client-data=0x184,0x188,0x18c,0x164,0x194,0x7fff2f74c188,0x7fff2f74c194,0x7ff"
"msedgewebview2",0.0015,0.0000,18800,"""C:\Program Files (x86)\Microsoft\EdgeWebView\Application\139.0.3405.102\msedgewebview2.exe"" --type=gpu-process --noerrdialogs --user-data-dir=""C:\Users\benjaming.REDMOND\AppData\Local\Microsoft\OneDrive\EBWebView"" --webview-exe-name=OneDrive.exe --webview-exe-version=25.149.0803.0003 --embedded-browser-webview=1 --embedded-browser-webview-dpi-awareness=1 --no-pre-read-main-dll --gpu-preferences=SAAAAAAAAADgAAAIAAAAAAAAAAAAAGAAAQAAAAAAAAAEAAAAAAAAAAAAAAAAAAAAAAAAAAAAAAAQAAAAAAAAABAAAAAAAAAACAAAAAAAAAAIAAAAAAAAAA== --always-read-main-dll --metrics-shmem-handle=1712,i,1063670666240466674,9387671468166555505,262144 --field-trial-handle=1796,i,2078209863016788888,5383923420903493488,262144 --enable-features=ForceSWDCompWhenDCompFallbackRequired,msAggressiveCacheTrimming,msCustomDataPartition,msWebView2NoTabForScreenShare,msWindowsTaskManager --disable-features=BackForwardCache,BackgroundTabLoadingFromPerformanceManager,CloseOmniboxPopupOnInactiveAreaClick,CollectAVProductsInfo,CollectCodeIntegrityInfo,EnableHangW"
"msedgewebview2",0.0015,0.0000,9996,"""C:\Program Files (x86)\Microsoft\EdgeWebView\Application\139.0.3405.102\msedgewebview2.exe"" --type=crashpad-handler --user-data-dir=C:\Users\benjaming.REDMOND\AppData\Local\Packages\MicrosoftWindows.Client.WebExperience_cw5n1h2txyewy\LocalState\EBWebView /prefetch:4 /pfhostedapp:1ec15097b557f7f931966541b3f105cc5a47009c --monitor-self-annotation=ptype=crashpad-handler --database=C:\Users\benjaming.REDMOND\AppData\Local\Packages\MicrosoftWindows.Client.WebExperience_cw5n1h2txyewy\LocalState\EBWebView\Crashpad --metrics-dir=C:\Users\benjaming.REDMOND\AppData\Local\Packages\MicrosoftWindows.Client.WebExperience_cw5n1h2txyewy\LocalState\EBWebView --annotation=IsOfficialBuild=1 --annotation=channel= --annotation=chromium-version=139.0.7258.128 ""--annotation=exe=C:\Program Files (x86)\Microsoft\EdgeWebView\Application\139.0.3405.102\msedgewebview2.exe"" --annotation=plat=Win64 ""--annotation=prod=Edge WebView2"" --annotation=ver=139.0.3405.102 --initial-client-data=0x17c,0x180,0x184,0x158,0x18c,0x7fff2f74c188,0x7fff2f"
"msedgewebview2",0.0015,0.0000,22272,"""C:\Program Files (x86)\Microsoft\EdgeWebView\Application\139.0.3405.102\msedgewebview2.exe"" --type=utility --utility-sub-type=storage.mojom.StorageService --lang=en-US --service-sandbox-type=service --noerrdialogs --user-data-dir=""C:\Users\benjaming.REDMOND\AppData\Local\Packages\MSTeams_8wekyb3d8bbwe\LocalCache\Microsoft\MSTeams\EBWebView"" --webview-exe-name=ms-teams.exe --webview-exe-version=25227.201.3887.7121 --embedded-browser-webview=1 --embedded-browser-webview-dpi-awareness=2 --no-pre-read-main-dll --always-read-main-dll --metrics-shmem-handle=1944,i,4751668418685729185,3956135311537094280,524288 --field-trial-handle=1848,i,9232284790936083051,8827603450831938181,262144 --enable-features=AutofillReplaceCachedWebElementsByRendererIds,DocumentPolicyIncludeJSCallStacksInCrashReports,ForceSWDCompWhenDCompFallbackRequired,PartitionedCookies,PreferredAudioOutputDevices,SharedArrayBuffer,SkipGrantAccessToDataPathIfAlreadySet,ThirdPartyStoragePartitioning,msAbydos,msAbydosGestureSupport,msAbydosHandwritingAt"
"msedgewebview2",0.0015,0.0000,15096,"""C:\Program Files (x86)\Microsoft\EdgeWebView\Application\139.0.3405.102\msedgewebview2.exe"" --type=utility --utility-sub-type=network.mojom.NetworkService --lang=en-US --service-sandbox-type=none --noerrdialogs --user-data-dir=""C:\Users\benjaming.REDMOND\AppData\Local\Packages\MicrosoftWindows.Client.WebExperience_cw5n1h2txyewy\LocalState\EBWebView"" --webview-exe-name=Widgets.exe --webview-exe-version=525.22300.0.0 --embedded-browser-webview=1 --no-pre-read-main-dll --always-read-main-dll --metrics-shmem-handle=2064,i,10059151636341397096,3423782810395223296,524288 --field-trial-handle=1900,i,16685342306069031692,9043298843737266012,262144 --enable-features=ForceSWDCompWhenDCompFallbackRequired,msAggressiveCacheTrimming,msCustomDataPartition,msWebView2NoTabForScreenShare,msWindowsTaskManager --disable-features=BackForwardCache,BackgroundTabLoadingFromPerformanceManager,CloseOmniboxPopupOnInactiveAreaClick,CollectAVProductsInfo,CollectCodeIntegrityInfo,EnableHangWatcher,FilterAdsOnAbusiveSites,GetWifiProtocol"
"msinfo32",0.0015,0.0000,13752,"""C:\WINDOWS\system32\msinfo32.exe"" "
"SCNotification",0.0015,0.0000,18140,"""C:\Windows\CCM\SCNotification.exe"""
"SearchProtocolHost",0.0015,0.0000,49352,"""C:\WINDOWS\System32\SearchProtocolHost.exe"" Global\UsGthrFltPipeMssGthrPipe37_ Global\UsGthrCtrlFltPipeMssGthrPipe37 1 -2147483646 ""Software\Microsoft\Windows Search"" ""Mozilla/4.0 (compatible; MSIE 6.0; Windows NT; MS Search 4.0 Robot)"" ""C:\ProgramData\Microsoft\Search\Data\Temp\usgthrsvc"" ""DownLevelDaemon"" "
"ServiceHub.IndexingService",0.0015,0.0000,18328,"""C:\Program Files\Microsoft Visual Studio\2022\Enterprise\Common7\ServiceHub\Hosts\ServiceHub.Host.dotnet.x64\ServiceHub.IndexingService.exe"" dotnet$IndexingService net.pipe://1978095EEE757A78F755D74184C209DDF30C6 ""/TelemetrySession:{\""TelemetryLevel\"":null,\""IsOptedIn\"":true,\""HostName\"":\""Dev14\"",\""AppInsightsInstrumentationKey\"":\""f144292e-e3b2-4011-ac90-20e5c03fbce5\"",\""AsimovInstrumentationKey\"":\""AIF-312cbd79-9dbb-4c48-a7da-3cc2a931cb70\"",\""CollectorApiKey\"":\""f3e86b4023cc43f0be495508d51f588a-f70d0e59-0fb0-4473-9f19-b4024cc340be-7296\"",\""AppId\"":1001,\""UserId\"":\""2dba2122-c8a1-45b6-ac82-001f5865d3e3\"",\""Id\"":\""43746843-c2ce-42ef-9bc7-521b96990f7c\"",\""ProcessStartTime\"":638913092465839523,\""SkuName\"":\""VS_Enterprise\"",\""VSExeVersion\"":\""17.14.36408.4\"",\""BucketFiltersToEnableWatsonForFaults\"":[],\""BucketFiltersToAddDumpsToFaults\"":[]}"" $HostRemoteBrokerPipeName"
"ServiceHub.IntellicodeModelService",0.0015,0.0000,19716,"""C:\Program Files\Microsoft Visual Studio\2022\Enterprise\Common7\ServiceHub\Hosts\ServiceHub.Host.netfx.x64\ServiceHub.IntellicodeModelService.exe"" netfx.x64$IntellicodeModelService net.pipe://1978095EEE757A78F755D74184C209DDF30C6 ""/AppBasePath:C:\Program Files\Microsoft Visual Studio\2022\Enterprise\Common7\IDE\\"" /ConfigFile:C:\Users\benjaming.REDMOND\AppData\Local\Microsoft\VisualStudio\17.0_60475fee\devenv.exe.config"
"ServiceHub.TestWindowStoreHost",0.0015,0.0000,18532,"""C:\Program Files\Microsoft Visual Studio\2022\Enterprise\Common7\ServiceHub\Hosts\ServiceHub.Host.dotnet.x64\ServiceHub.TestWindowStoreHost.exe"" dotnet.x64$TestWindowStoreHost net.pipe://1978095EEE757A78F755D74184C209DDF30C6 ""/TelemetrySession:{\""TelemetryLevel\"":null,\""IsOptedIn\"":true,\""HostName\"":\""Dev14\"",\""AppInsightsInstrumentationKey\"":\""f144292e-e3b2-4011-ac90-20e5c03fbce5\"",\""AsimovInstrumentationKey\"":\""AIF-312cbd79-9dbb-4c48-a7da-3cc2a931cb70\"",\""CollectorApiKey\"":\""f3e86b4023cc43f0be495508d51f588a-f70d0e59-0fb0-4473-9f19-b4024cc340be-7296\"",\""AppId\"":1001,\""UserId\"":\""2dba2122-c8a1-45b6-ac82-001f5865d3e3\"",\""Id\"":\""43746843-c2ce-42ef-9bc7-521b96990f7c\"",\""ProcessStartTime\"":638913092465839523,\""SkuName\"":\""VS_Enterprise\"",\""VSExeVersion\"":\""17.14.36408.4\"",\""BucketFiltersToEnableWatsonForFaults\"":[],\""BucketFiltersToAddDumpsToFaults\"":[]}"" \\.\pipe\3A505534-A1E9-424B-9050-E572AE5293DC"
"svchost",0.0015,0.0000,16120,"C:\WINDOWS\system32\svchost.exe -k ClipboardSvcGroup -p -s cbdhsvc"
"svchost",0.0015,0.0000,3952,"C:\WINDOWS\system32\svchost.exe -k netsvcs -p -s lfsvc"
"svchost",0.0015,0.0000,2244,"C:\WINDOWS\system32\svchost.exe -k UserProfileService -p -s ProfSvc"
"svchost",0.0015,0.0000,3992,"C:\WINDOWS\System32\svchost.exe -k netsvcs"
"svchost",0.0015,0.0000,8260,"C:\WINDOWS\system32\svchost.exe -k NetSvcs -p -s HNS"
"svchost",0.0015,0.0000,6160,"C:\WINDOWS\system32\svchost.exe -k netsvcs -p -s LanmanServer"
"svchost",0.0015,0.0000,1896,"C:\WINDOWS\System32\svchost.exe -k NetworkService -p -s LanmanWorkstation"
"svchost",0.0015,0.0000,12908,"C:\WINDOWS\System32\svchost.exe -k LocalServiceNetworkRestricted -s RmSvc"
"svchost",0.0015,0.0000,3412,"C:\WINDOWS\System32\svchost.exe -k NetSvcs -p -s IpHlpSvc"
"svchost",0.0015,0.0000,3196,"C:\WINDOWS\System32\svchost.exe -k PeerDist -s PeerDistSvc"
"svchost",0.0015,0.0000,1248,"C:\WINDOWS\system32\svchost.exe -k RPCSS -p"
"taskhostw",0.0015,0.0000,14240,"taskhostw.exe {222A245B-E637-4AE9-A93F-A59CA119A75E}"
"VBCSCompiler",0.0015,0.0000,18640,"""C:\Program Files\Microsoft Visual Studio\2022\Enterprise\MSBuild\Current\Bin\Roslyn\VBCSCompiler.exe"" ""-pipename:JVjPNngeOMqiFdoh15dX0nMeMebM0yP_g1S1LVh2Brs"""
"WidgetService",0.0015,0.0000,11188,"""C:\Program Files\WindowsApps\Microsoft.WidgetsPlatformRuntime_1.6.9.0_x64__8wekyb3d8bbwe\WidgetService\WidgetService.exe"" -RegisterProcessAsComServer -Embedding"
